LED #,LED PWM (%),LED current (%),Duration (s)
1,100,50.06283184,0.002
1,100,50.12566357,0.002
1,100,50.18849511,0.002
1,100,50.25132635,0.002
