LED #,LED PWM (%),LED current (%),Duration (s)
1,100,51.57053795,100
1,100,53.13952598,100
1,100,54.70541567,100
1,100,56.26666168,100
1,100,57.82172325,100
1,100,59.36906573,100
1,100,60.90716207,100
1,100,62.43449436,100
1,100,63.9495553,100
